{
    "curve1Shape": {
        "periodic": false,
        "degree": 1,
        "point": [
            [
                0.0,
                0.0,
                0.0
            ],
            [
                0.0,
                0.0,
                3.0
            ],
            [
                -1.0,
                0.0,
                2.0
            ],
            [
                0.0,
                0.0,
                3.0
            ],
            [
                1.3113415775478643e-07,
                1.0,
                2.0
            ],
            [
                0.0,
                -4.440892098500626e-16,
                3.0
            ],
            [
                1.0,
                4.440892098500626e-16,
                2.0
            ],
            [
                0.0,
                -4.440892098500626e-16,
                3.0
            ],
            [
                -4.371138828673793e-08,
                -1.0,
                2.0
            ],
            [
                0.0,
                -4.440892098500626e-16,
                3.0
            ]
        ]
    }
}