{
    "fourPrisms_c_splShape": {
        "periodic": false,
        "degree": 1,
        "point": [
            [
                2.712295452496234,
                0.33903692500324584,
                0.6780737904018467
            ],
            [
                2.712295452496234,
                -0.3390369058149507,
                0.678073830818196
            ],
            [
                3.299524645502848,
                9.594147478991856e-09,
                0.678073830818196
            ],
            [
                2.712295452496234,
                0.33903692500324584,
                0.6780737904018467
            ],
            [
                2.712295452496234,
                0.3390369654195957,
                -0.678073911650896
            ],
            [
                3.299524645502848,
                9.594147478991856e-09,
                -0.678073830818196
            ],
            [
                3.299524645502848,
                9.594147478991856e-09,
                0.678073830818196
            ],
            [
                3.299524645502848,
                9.594147478991856e-09,
                -0.678073830818196
            ],
            [
                2.712295452496234,
                -0.3390369058149507,
                -0.678073830818196
            ],
            [
                2.712295452496234,
                -0.3390369058149507,
                0.678073830818196
            ],
            [
                2.712295452496234,
                -0.3390369058149507,
                -0.678073830818196
            ],
            [
                2.712295452496234,
                0.3390369654195957,
                -0.678073911650896
            ]
        ]
    },
    "fourPrisms_c_splShape1": {
        "periodic": false,
        "degree": 1,
        "point": [
            [
                -0.6780737904018465,
                0.33903692500324584,
                2.712295452496235
            ],
            [
                -0.678073830818196,
                -0.3390369058149507,
                2.712295452496235
            ],
            [
                -0.6780738308181964,
                9.594147478991856e-09,
                3.299524645502848
            ],
            [
                -0.6780737904018465,
                0.33903692500324584,
                2.712295452496235
            ],
            [
                0.6780739116508963,
                0.3390369654195957,
                2.712295452496234
            ],
            [
                0.678073830818196,
                9.594147478991856e-09,
                3.299524645502848
            ],
            [
                -0.6780738308181964,
                9.594147478991856e-09,
                3.299524645502848
            ],
            [
                0.678073830818196,
                9.594147478991856e-09,
                3.299524645502848
            ],
            [
                0.6780738308181958,
                -0.3390369058149507,
                2.712295452496235
            ],
            [
                -0.678073830818196,
                -0.3390369058149507,
                2.712295452496235
            ],
            [
                0.6780738308181958,
                -0.3390369058149507,
                2.712295452496235
            ],
            [
                0.6780739116508963,
                0.3390369654195957,
                2.712295452496234
            ]
        ]
    },
    "fourPrisms_c_splShape2": {
        "periodic": false,
        "degree": 1,
        "point": [
            [
                -2.7122954524962317,
                0.33903692500324584,
                -0.6780737904018448
            ],
            [
                -2.7122954524962326,
                -0.3390369058149507,
                -0.6780738308181926
            ],
            [
                -3.299524645502846,
                9.594147478991856e-09,
                -0.6780738308181927
            ],
            [
                -2.7122954524962317,
                0.33903692500324584,
                -0.6780737904018448
            ],
            [
                -2.7122954524962313,
                0.3390369654195957,
                0.6780739116508965
            ],
            [
                -3.2995246455028457,
                9.594147478991856e-09,
                0.6780738308181966
            ],
            [
                -3.299524645502846,
                9.594147478991856e-09,
                -0.6780738308181927
            ],
            [
                -3.2995246455028457,
                9.594147478991856e-09,
                0.6780738308181966
            ],
            [
                -2.7122954524962304,
                -0.3390369058149507,
                0.6780738308181972
            ],
            [
                -2.7122954524962326,
                -0.3390369058149507,
                -0.6780738308181926
            ],
            [
                -2.7122954524962304,
                -0.3390369058149507,
                0.6780738308181972
            ],
            [
                -2.7122954524962313,
                0.3390369654195957,
                0.6780739116508965
            ]
        ]
    },
    "fourPrisms_c_splShape3": {
        "periodic": false,
        "degree": 1,
        "point": [
            [
                0.678073790401847,
                0.33903692500324584,
                -2.7122954524962326
            ],
            [
                0.6780738308181958,
                -0.3390369058149507,
                -2.712295452496235
            ],
            [
                0.6780738308181959,
                9.594147478991856e-09,
                -3.299524645502848
            ],
            [
                0.678073790401847,
                0.33903692500324584,
                -2.7122954524962326
            ],
            [
                -0.6780739116508957,
                0.3390369654195957,
                -2.712295452496234
            ],
            [
                -0.6780738308181963,
                9.594147478991856e-09,
                -3.299524645502848
            ],
            [
                0.6780738308181959,
                9.594147478991856e-09,
                -3.299524645502848
            ],
            [
                -0.6780738308181963,
                9.594147478991856e-09,
                -3.299524645502848
            ],
            [
                -0.678073830818196,
                -0.3390369058149507,
                -2.712295452496234
            ],
            [
                0.6780738308181958,
                -0.3390369058149507,
                -2.712295452496235
            ],
            [
                -0.678073830818196,
                -0.3390369058149507,
                -2.712295452496234
            ],
            [
                -0.6780739116508957,
                0.3390369654195957,
                -2.712295452496234
            ]
        ]
    }
}