{
    "lollipop02Shape1": {
        "periodic": true,
        "knot": [
            0,
            1,
            2,
            3,
            4,
            5,
            6,
            7,
            8,
            9,
            10,
            11,
            12
        ],
        "degree": 3,
        "point": [
            [
                -2.220446049250313e-16,
                0.14937191592967913,
                -1.6493719159296782
            ],
            [
                -2.220446049250313e-16,
                0.0,
                -1.711243789345406
            ],
            [
                -2.220446049250313e-16,
                -0.14937191592967913,
                -1.6493719159296782
            ],
            [
                -2.220446049250313e-16,
                -0.21124378934540466,
                -1.4999999999999996
            ],
            [
                -2.220446049250313e-16,
                -0.14937191592967913,
                -1.3506280840703226
            ],
            [
                -2.220446049250313e-16,
                0.0,
                -1.2887562106545953
            ],
            [
                -2.220446049250313e-16,
                0.14937191592967913,
                -1.3506280840703226
            ],
            [
                -2.220446049250313e-16,
                0.21124378934540466,
                -1.4999999999999996
            ],
            [
                -2.220446049250313e-16,
                0.14937191592967913,
                -1.6493719159296782
            ],
            [
                -2.220446049250313e-16,
                0.0,
                -1.711243789345406
            ],
            [
                -2.220446049250313e-16,
                -0.14937191592967913,
                -1.6493719159296782
            ]
        ]
    },
    "lollipop02Shape2": {
        "periodic": true,
        "knot": [
            0,
            1,
            2,
            3,
            4,
            5,
            6,
            7,
            8,
            9,
            10,
            11,
            12
        ],
        "degree": 3,
        "point": [
            [
                0.14937191592967758,
                -0.14937191592967913,
                -1.4999999999999991
            ],
            [
                0.0,
                -0.21124378934540466,
                -1.4999999999999996
            ],
            [
                -0.1493719159296778,
                -0.14937191592967913,
                -1.4999999999999996
            ],
            [
                -0.21124378934540533,
                0.0,
                -1.4999999999999991
            ],
            [
                -0.1493719159296778,
                0.14937191592967736,
                -1.4999999999999996
            ],
            [
                -2.220446049250313e-16,
                0.21124378934540466,
                -1.4999999999999998
            ],
            [
                0.14937191592967758,
                0.14937191592967736,
                -1.4999999999999993
            ],
            [
                0.21124378934540533,
                0.0,
                -1.4999999999999991
            ],
            [
                0.14937191592967758,
                -0.14937191592967913,
                -1.4999999999999991
            ],
            [
                0.0,
                -0.21124378934540466,
                -1.4999999999999996
            ],
            [
                -0.1493719159296778,
                -0.14937191592967913,
                -1.4999999999999996
            ]
        ]
    },
    "lollipop02Shape3": {
        "periodic": true,
        "knot": [
            0,
            1,
            2,
            3,
            4,
            5,
            6,
            7,
            8,
            9,
            10,
            11,
            12
        ],
        "degree": 3,
        "point": [
            [
                0.14937191592967758,
                0.0,
                -1.6493719159296782
            ],
            [
                0.0,
                0.0,
                -1.711243789345406
            ],
            [
                -0.1493719159296778,
                0.0,
                -1.6493719159296782
            ],
            [
                -0.21124378934540533,
                0.0,
                -1.4999999999999996
            ],
            [
                -0.1493719159296778,
                0.0,
                -1.3506280840703218
            ],
            [
                -2.220446049250313e-16,
                0.0,
                -1.2887562106545942
            ],
            [
                0.14937191592967758,
                0.0,
                -1.3506280840703218
            ],
            [
                0.21124378934540533,
                0.0,
                -1.4999999999999991
            ],
            [
                0.14937191592967758,
                0.0,
                -1.6493719159296782
            ],
            [
                0.0,
                0.0,
                -1.711243789345406
            ],
            [
                -0.1493719159296778,
                0.0,
                -1.6493719159296782
            ]
        ]
    },
    "lollipop02Shape4": {
        "periodic": false,
        "degree": 1,
        "point": [
            [
                -1.1102230246251565e-16,
                0.0,
                1.4999999999999991
            ],
            [
                0.0,
                0.0,
                0.0
            ],
            [
                -2.220446049250313e-16,
                0.0,
                -1.4999999999999996
            ]
        ]
    },
    "lollipop02Shape5": {
        "periodic": true,
        "knot": [
            0,
            1,
            2,
            3,
            4,
            5,
            6,
            7,
            8,
            9,
            10,
            11,
            12
        ],
        "degree": 3,
        "point": [
            [
                -1.1102230246251565e-16,
                0.14937191592967913,
                1.3506280840703218
            ],
            [
                -1.1102230246251565e-16,
                0.0,
                1.2887562106545947
            ],
            [
                -1.1102230246251565e-16,
                -0.14937191592967913,
                1.3506280840703218
            ],
            [
                -1.1102230246251565e-16,
                -0.21124378934540466,
                1.4999999999999991
            ],
            [
                -1.1102230246251565e-16,
                -0.14937191592967913,
                1.6493719159296774
            ],
            [
                -1.1102230246251565e-16,
                0.0,
                1.711243789345405
            ],
            [
                -1.1102230246251565e-16,
                0.14937191592967913,
                1.6493719159296774
            ],
            [
                -1.1102230246251565e-16,
                0.21124378934540466,
                1.4999999999999991
            ],
            [
                -1.1102230246251565e-16,
                0.14937191592967913,
                1.3506280840703218
            ],
            [
                -1.1102230246251565e-16,
                0.0,
                1.2887562106545947
            ],
            [
                -1.1102230246251565e-16,
                -0.14937191592967913,
                1.3506280840703218
            ]
        ]
    },
    "lollipop02Shape6": {
        "periodic": true,
        "knot": [
            0,
            1,
            2,
            3,
            4,
            5,
            6,
            7,
            8,
            9,
            10,
            11,
            12
        ],
        "degree": 3,