{
    "rectangleSmoothShape1": {
        "periodic": true,
        "knot": [
            0,
            1,
            2,
            3,
            4,
            5,
            6,
            7,
            8,
            9,
            10,
            11,
            12,
            13,
            14,
            15,
            16
        ],
        "degree": 3,
        "point": [
            [
                1.0000000000000009,
                5.550763283489067e-17,
                -0.5000006072454942
            ],
            [
                -2.967277894845697e-16,
                6.409469351860614e-17,
                -0.5000013084321934
            ],
            [
                -0.9999999999999996,
                5.550763283489071e-17,
                -0.5000006072454942
            ],
            [
                -1.999999298813301,
                3.2047346759303085e-17,
                -0.49999869156780663
            ],
            [
                -2.0000007011866994,
                2.1079388247500275e-32,
                -1.7212626744443023e-16
            ],
            [
                -1.999999298813301,
                -3.204734675930306e-17,
                0.49999869156780663
            ],
            [
                -1.0000000000000004,
                -5.55076328348907e-17,
                0.5000006072454942
            ],
            [
                -6.607175965102232e-16,
                -6.409469351860613e-17,
                0.5000013084321934
            ],
            [
                0.9999999999999991,
                -5.550763283489074e-17,
                0.5000006072454942
            ],
            [
                1.999999298813301,
                -3.204734675930311e-17,
                0.49999869156780663
            ],
            [
                2.000000701186699,
                -6.04338807272989e-32,
                4.934800855999895e-16
            ],
            [
                1.999999298813301,
                3.2047346759303023e-17,
                -0.49999869156780663
            ],
            [
                1.0000000000000009,
                5.550763283489067e-17,
                -0.5000006072454942
            ],
            [
                -2.967277894845697e-16,
                6.409469351860614e-17,
                -0.5000013084321934
            ],
            [
                -0.9999999999999996,
                5.550763283489071e-17,
                -0.5000006072454942
            ]
        ]
    }
}