{
    "rectangleSmoothShape": {
        "periodic": true,
        "knot": [
            0,
            1,
            2,
            3,
            4,
            5,
            6,
            7,
            8,
            9,
            10,
            11,
            12
        ],
        "degree": 3,
        "point": [
            [
                0.1737964890021768,
                -4.163336342344337e-17,
                -0.3755463706000123
            ],
            [
                1.7763568394002505e-15,
                1.3877787807814457e-17,
                -0.6026708014874553
            ],
            [
                -0.17379648900217326,
                -4.163336342344337e-17,
                -0.3755463706000123
            ],
            [
                -0.38265459135232227,
                -1.3877787807814457e-17,
                -0.0847020330615531
            ],
            [
                -0.54832688139469,
                1.3877787807814457e-17,
                0.43198991404246856
            ],
            [
                1.7763568394002505e-15,
                4.163336342344337e-17,
                0.43199218528672423
            ],
            [
                0.54832688139469,
                1.3877787807814457e-17,
                0.43198991404246856
            ],
            [
                0.38265459135232227,
                -1.3877787807814457e-17,
                -0.0847020330615531
            ],
            [
                0.1737964890021768,
                -4.163336342344337e-17,
                -0.3755463706000123
            ],
            [
                1.7763568394002505e-15,
                1.3877787807814457e-17,
                -0.6026708014874553
            ],
            [
                -0.17379648900217326,
                -4.163336342344337e-17,
                -0.3755463706000123
            ]
        ]
    }
}