{
    "lollipop2Shape": {
        "periodic": false,
        "degree": 3,
        "point": [
            [
                -0.13426186453489805,
                -2.3678177588120665e-13,
                -0.9883665410664384
            ],
            [
                -0.31969047626426417,
                -2.3678177588120665e-13,
                -0.9560400950111186
            ],
            [
                -0.7588198074706115,
                -2.414156293106655e-13,
                -0.7525268816854813
            ],
            [
                -0.948835665807276,
                -2.3678177588120665e-13,
                -0.3379705157585035
            ],
            [
                -0.9843360840333808,
                -2.3678177588120665e-13,
                -0.13877054867225924
            ]
        ]
    },
    "lollipop2Shape1": {
        "periodic": false,
        "degree": 3,
        "point": [
            [
                -0.9843360840359137,
                2.3678177588105276e-13,
                0.14572786839653068
            ],
            [
                -0.9488356658099307,
                2.3678177588105276e-13,
                0.34499943584041654
            ],
            [
                -0.7588198074586933,
                2.414156293106655e-13,
                0.7596300430509942
            ],
            [
                -0.31969047623496644,
                2.3678177588105276e-13,
                0.9631531229395411
            ],
            [
                -0.1342618645058638,
                2.3678177588105276e-13,
                0.9886147666532875
            ]
        ]
    },
    "lollipop2Shape2": {
        "periodic": false,
        "degree": 3,
        "point": [
            [
                0.12903225771909058,
                2.3678177588105276e-13,
                0.9886147666532875
            ],
            [
                0.3144608694336845,
                2.3678177588105276e-13,
                0.9922110133145087
            ],
            [
                0.7535902006721494,
                2.414156293106655e-13,
                0.7596300430509942
            ],
            [
                0.9436060590231551,
                2.3678177588105276e-13,
                0.34499943584041654
            ],
            [
                0.9843360840359157,
                2.3678177588105276e-13,
                0.145727868396532
            ]
        ]
    },
    "lollipop2Shape3": {
        "periodic": false,
        "degree": 3,
        "point": [
            [
                0.9843360840359157,
                2.3678177588105276e-13,
                -0.13887779042538478
            ],
            [
                0.9436060590231551,
                2.3678177588105276e-13,
                -0.33814935786926936
            ],
            [
                0.7535902006721504,
                2.414156293106655e-13,
                -0.7527799650798482
            ],
            [
                0.3144608694336845,
                2.3678177588105276e-13,
                -0.9563030449683986
            ],
            [
                0.12903225771909058,
                2.3678177588105276e-13,
                -0.9886147666532875
            ]
        ]
    },
    "lollipop2Shape4": {
        "periodic": false,
        "degree": 1,
        "point": [
            [
                -0.13426186455060887,
                2.3678177588105276e-13,
                -0.9886147666021846
            ],
            [
                -0.13426186455060887,
                2.3678177588105276e-13,
                -1.215514481105898
            ],
            [
                -0.20008539512921966,
                2.3678177588105276e-13,
                -1.215514481105898
            ],
            [
                -0.002244350495725498,
                2.3678177588105276e-13,
                -1.4673776214007144
            ],
            [
                0.19485578834244544,
                2.3678177588105276e-13,
                -1.215514481105898
            ],
            [
                0.12903225776383573,
                2.3678177588105276e-13,
                -1.215514481105898
            ],
            [
                0.12903225776383573,
                2.3678177588105276e-13,
                -0.9886147664539626
            ]
        ]
    },
    "lollipop2Shape5": {
        "periodic": false,
        "degree": 1,
        "point": [
            [
                0.9843360839848139,
                2.3678177588105276e-13,
                -0.1388777904737517
            ],
            [
                1.211235798488524,
                2.3678177588105276e-13,
                -0.1388777904737517
            ],
            [
                1.211235798488524,
                2.3678177588105276e-13,
                -0.21002920520341425
            ],
            [
                1.4637051221689743,
                2.3678177588105276e-13,
                0.0029397957661343515
            ],
            [
                1.211235798488524,
                2.3678177588105276e-13,
                0.21687928317455954
            ],
            [
                1.211235798488524,
                2.3678177588105276e-13,
                0.14572786844489757
            ],
            [
                0.9843360838365925,
                2.3678177588105276e-13,
                0.14572786844489757
            ]
        ]
    },
    "lollipop2Shape6": {
        "periodic": false,
        "degree": 1,
        "point": [
            [
                -0.9843360839848139,
                2.3678177588105276e-13,
                0.14572786844489757
            ],
            [
                -1.2112357984885238,
                2.3678177588105276e-13,
                0.14572786844489757
            ],
            [
                -1.2112357984885238,
                2.3678177588105276e-13,
                0.21687928317455954
            ],
            [
                -1.4637051221689743,
                2.3678177588105276e-13,
                0.0029397957661343515
            ],
            [
                -1.2112357984885238,
                2.3678177588105276e-13,
                -0.21002920520341425
            ],
            [
                -1.2112357984885238,
                2.3678177588105276e-13,
                -0.1388777904737517
            ],
            [
                -0.9843360838365959,
                2.3678177588105276e-13,
                -0.1388777904737517
            ]
        ]
    },
    "lollipop2Shape7": {
        "periodic": false,
        "degree": 1,
        "point": [
            [
                0.12903225776383453,
                2.3678177588105276e-13,
                0.9886147666021885
            ],
            [
                0.12903225776383453,
                2.3678177588105276e-13,
                1.2155144811058938
            ],
            [
                0.19485578834244544,
                2.3678177588105276e-13,
                1.2155144811058938
            ],
            [
                -0.002244350495725498,
                2.3678177588105276e-13,
                1.4673776214007144
            ],
            [
                -0.20008539512921966,
                2.3678177588105276e-13,
                1.2155144811058938
            ],
            [
                -0.13426186455060887,
                2.3678177588105276e-13,
                1.2155144811058938
            ],
            [
                -0.13426186455060887,
                2.3678177588105276e-13,
                0.9886147664539668
            ]
        ]
    }
}