{
    "general_c_splShape": {
        "periodic": false,
        "degree": 3,
        "point": [
            [
                1.1817238030954034,
                -0.004366607823524153,
                4.141017421751174
            ],
            [
                1.9671648645448285,
                -0.004366607823523893,
                3.9012073943830563
            ],
            [
                3.7651616087596462,
                -0.004366607823523946,
                2.666025629236567
            ],
            [
                4.517142476661447,
                -0.004366607823524121,
                -0.46988691083010836
            ],
            [
                3.0091273441196673,
                -0.004366607823524312,
                -3.325813493062199
            ],
            [
                -0.016306642430663324,
                -0.004366607823524422,
                -4.459377893415553
            ],
            [
                -3.0324164506417786,
                -0.004366607823524407,
                -3.30123253054654
            ],
            [
                -4.517142476661447,
                -0.004366607823524252,
                -0.4331295144861565
            ],
            [
                -3.739669029470881,
                -0.004366607823524058,
                2.6965602023310593
            ],
            [
                -1.9316809195526266,
                -0.0043666078235239545,
                3.9170704560985707
            ],
            [
                -1.1772941368494754,
                -0.004366607823524153,
                4.141017421751174
            ]
        ]
    },
    "general_c_splShape1": {
        "periodic": false,
        "degree": 1,
        "point": [
            [
                -1.177293014479631,
                0.004366607823524422,
                4.1435127474250315
            ],
            [
                -1.177293014479631,
                0.004366607823524422,
                4.7961348658445955
            ],
            [
                -1.9881690897178947,
                0.004366607823524422,
                4.7961348658445955
            ],
            [
                0.0022159554928058278,
                0.004366607823524422,
                6.786519911055307
            ],
            [
                1.9926010007035089,
                0.004366607823524422,
                4.7961348658445955
            ],
            [
                1.181724925465247,
                0.004366607823524422,
                4.7961348658445955
            ],
            [
                1.181724925465247,
                0.004366607823524422,
                4.1435127474250315
            ]
        ]
    }
}