{
    "lollipop_c_splShape": {
        "periodic": true,
        "knot": [
            0,
            1,
            2,
            3,
            4,
            5,
            6,
            7,
            8,
            9,
            10,
            11,
            12
        ],
        "degree": 3,
        "point": [
            [
                -0.1263980244435996,
                1.0,
                -0.12639802444359882
            ],
            [
                -0.17875380042530442,
                1.0,
                -9.71445146547012e-17
            ],
            [
                -0.1263980244435996,
                1.0,
                0.1263980244435995
            ],
            [
                2.220446049250313e-16,
                1.0,
                0.1787538004253037
            ],
            [
                0.1263980244435985,
                0.9999999999999998,
                0.12639802444359916
            ],
            [
                0.17875380042530398,
                1.0,
                -9.71445146547012e-17
            ],
            [
                0.1263980244435987,
                0.9999999999999998,
                -0.12639802444359882
            ],
            [
                2.220446049250313e-16,
                0.9999999999999999,
                -0.17875380042530364
            ],
            [
                -0.1263980244435996,
                1.0,
                -0.12639802444359882
            ],
            [
                -0.17875380042530442,
                1.0,
                -9.71445146547012e-17
            ],
            [
                -0.1263980244435996,
                1.0,
                0.1263980244435995
            ]
        ]
    },
    "lollipop_c_splShape1": {
        "periodic": true,
        "knot": [
            0,
            1,
            2,
            3,
            4,
            5,
            6,
            7,
            8,
            9,
            10,
            11,
            12
        ],
        "degree": 3,
        "point": [
            [
                0.0,
                0.8736019755564012,
                0.12639802444359916
            ],
            [
                2.220446049250313e-16,
                1.0,
                0.17875380042530387
            ],
            [
                2.220446049250313e-16,
                1.1263980244435987,
                0.12639802444359916
            ],
            [
                2.220446049250313e-16,
                1.1787538004253038,
                -1.8041124150158794e-16
            ],
            [
                2.220446049250313e-16,
                1.1263980244435987,
                -0.1263980244435987
            ],
            [
                2.220446049250313e-16,
                1.0,
                -0.17875380042530387
            ],
            [
                2.220446049250313e-16,
                0.8736019755564007,
                -0.12639802444359877
            ],
            [
                -2.220446049250313e-16,
                0.8212461995746965,
                -1.8041124150158794e-16
            ],
            [
                0.0,
                0.8736019755564012,
                0.12639802444359916
            ],
            [
                2.220446049250313e-16,
                1.0,
                0.17875380042530387
            ],
            [
                2.220446049250313e-16,
                1.1263980244435987,
                0.12639802444359916
            ]
        ]
    },
    "lollipop_c_splShape2": {
        "periodic": true,
        "knot": [
            0,
            1,
            2,
            3,
            4,
            5,
            6,
            7,
            8,
            9,
            10,
            11,
            12
        ],
        "degree": 3,
        "point": [
            [
                -0.12639802444359916,
                0.8736019755564011,
                1.249000902703301e-16
            ],
            [
                -0.17875380042530398,
                1.0,
                1.249000902703301e-16
            ],
            [
                -0.12639802444359916,
                1.1263980244435985,
                1.249000902703301e-16
            ],
            [
                2.220446049250313e-16,
                1.1787538004253033,
                1.249000902703301e-16
            ],
            [
                0.12639802444359893,
                1.1263980244435985,
                1.3877787807814457e-17
            ],
            [
                0.1787538004253042,
                0.9999999999999999,
                6.938893903907228e-17
            ],
            [
                0.12639802444359893,
                0.8736019755564013,
                2.3592239273284576e-16
            ],
            [
                0.0,
                0.8212461995746962,
                1.249000902703301e-16
            ],
            [
                -0.12639802444359916,
                0.8736019755564011,
                1.249000902703301e-16
            ],
            [
                -0.17875380042530398,
                1.0,
                1.249000902703301e-16
            ],
            [
                -0.12639802444359916,
                1.1263980244435985,
                1.249000902703301e-16
            ]
        ]
    },
    "lollipop_c_splShape3": {
        "periodic": false,
        "degree": 1,
        "point": [
            [
                2.220446049250313e-16,
                1.0,
                2.914335439641036e-16
            ],
            [
                0.0,
                0.0,
                0.0
            ]
        ]
    }
}