{
    "sphere_c_splShape": {
        "periodic": true,
        "knot": [
            0,
            1,
            2,
            3,
            4,
            5,
            6,
            7,
            8,
            9,
            10,
            11,
            12
        ],
        "degree": 3,
        "point": [
            [
                -1.1102230246251565e-16,
                0.7836116248912245,
                -0.7836116248912246
            ],
            [
                -6.785732323110915e-17,
                6.785732323110911e-17,
                -1.1081941875543877
            ],
            [
                1.1102230246251565e-16,
                -0.7836116248912245,
                -0.7836116248912244
            ],
            [
                2.220446049250313e-16,
                -1.1081941875543881,
                -5.74489823752483e-17
            ],
            [
                1.1102230246251565e-16,
                -0.7836116248912245,
                0.7836116248912245
            ],
            [
                6.785732323110915e-17,
                -1.110085696960323e-16,
                1.1081941875543884
            ],
            [
                -1.1102230246251565e-16,
                0.7836116248912245,
                0.7836116248912244
            ],
            [
                -2.220446049250313e-16,
                1.1081941875543881,
                1.511240500779959e-16
            ],
            [
                -1.1102230246251565e-16,
                0.7836116248912245,
                -0.7836116248912246
            ],
            [
                -6.785732323110915e-17,
                6.785732323110911e-17,
                -1.1081941875543877
            ],
            [
                1.1102230246251565e-16,
                -0.7836116248912245,
                -0.7836116248912244
            ]
        ]
    },
    "sphere_c_splShape1": {
        "periodic": true,
        "knot": [
            0,
            1,
            2,
            3,
            4,
            5,
            6,
            7,
            8,
            9,
            10,
            11,
            12
        ],
        "degree": 3,
        "point": [
            [
                0.7836116248912245,
                0.7836116248912253,
                4.554381895097487e-16
            ],
            [
                6.785732323110912e-17,
                1.1081941875543881,
                3.9992703827849085e-16
            ],
            [
                -0.7836116248912245,
                0.783611624891225,
                3.9992703827849085e-16
            ],
            [
                -1.1081941875543881,
                3.905158897627953e-16,
                3.3306690738754686e-16
            ],
            [
                -0.7836116248912245,
                -0.7836116248912242,
                3.166603114316041e-16
            ],
            [
                -1.1100856969603225e-16,
                -1.1081941875543881,
                3.44415887047233e-16
            ],
            [
                0.7836116248912245,
                -0.783611624891224,
                4.2768261389411976e-16
            ],
            [
                1.1081941875543881,
                1.8194285730955109e-16,
                3.3306690738754686e-16
            ],
            [
                0.7836116248912245,
                0.7836116248912253,
                4.554381895097487e-16
            ],
            [
                6.785732323110912e-17,
                1.1081941875543881,
                3.9992703827849085e-16
            ],
            [
                -0.7836116248912245,
                0.783611624891225,
                3.9992703827849085e-16
            ]
        ]
    },
    "sphere_c_splShape2": {
        "periodic": true,
        "knot": [
            0,
            1,
            2,
            3,
            4,
            5,
            6,
            7,
            8,
            9,
            10,
            11,
            12
        ],
        "degree": 3,
        "point": [
            [
                0.7836116248912245,
                4.798237340988473e-17,
                -0.7836116248912246
            ],
            [
                6.785732323110912e-17,
                6.785732323110912e-17,
                -1.1081941875543877
            ],
            [
                -0.7836116248912245,
                4.798237340988472e-17,
                -0.7836116248912244
            ],
            [
                -1.1081941875543881,
                3.517735619006027e-33,
                -5.74489823752483e-17
            ],
            [
                -0.7836116248912245,
                -4.7982373409884725e-17,
                0.7836116248912245
            ],
            [
                -1.1100856969603225e-16,
                -6.785732323110917e-17,
                1.1081941875543884
            ],
            [
                0.7836116248912245,
                -4.798237340988472e-17,
                0.7836116248912244
            ],
            [
                1.1081941875543881,
                -9.253679210110099e-33,
                1.511240500779959e-16
            ],
            [
                0.7836116248912245,
                4.798237340988473e-17,
                -0.7836116248912246
            ],
            [
                6.785732323110912e-17,
                6.785732323110912e-17,
                -1.1081941875543877
            ],
            [
                -0.7836116248912245,
                4.798237340988472e-17,
                -0.7836116248912244
            ]
        ]
    }
}